"Symbol","Name","LastSale","MarketCap","IPOyear","Sector","industry","Summary Quote",
"BCOM","B Communications Ltd.","5.9","$176.35M","n/a","Consumer Services","Telecommunications Equipment","https://www.nasdaq.com/symbol/bcom",
"BGS","B&G Foods, Inc.","28.29","$1.87B","n/a","Consumer Non-Durables","Packaged Foods","https://www.nasdaq.com/symbol/bgs",
"RILY","B. Riley Financial, Inc.","15.36","$407.87M","n/a","Miscellaneous","Business Services","https://www.nasdaq.com/symbol/rily",
"RILYG","B. Riley Financial, Inc.","24.2","n/a","n/a","Miscellaneous","Business Services","https://www.nasdaq.com/symbol/rilyg",
"RILYH","B. Riley Financial, Inc.","25.39","n/a","n/a","Miscellaneous","Business Services","https://www.nasdaq.com/symbol/rilyh",
"RILYI","B. Riley Financial, Inc.","24.77","n/a","n/a","Miscellaneous","Business Services","https://www.nasdaq.com/symbol/rilyi",
"RILYL","B. Riley Financial, Inc.","25.4138","n/a","n/a","Miscellaneous","Business Services","https://www.nasdaq.com/symbol/rilyl",
"RILYZ","B. Riley Financial, Inc.","24.52","n/a","n/a","Miscellaneous","Business Services","https://www.nasdaq.com/symbol/rilyz",
"BOSC","B.O.S. Better Online Solutions","2.1838","$7.76M","n/a","Technology","Computer Communications Equipment","https://www.nasdaq.com/symbol/bosc",
"BTG","B2Gold Corp","2.92","$2.89B","n/a","Basic Industries","Precious Metals","https://www.nasdaq.com/symbol/btg",
"BW","Babcock","0.4757","$80.26M","2015","Capital Goods","Building Products","https://www.nasdaq.com/symbol/bw",
"BGH","Babson Global Short Duration High Yield Fund","16.29","$326.74M","2012","n/a","n/a","https://www.nasdaq.com/symbol/bgh",
"BMI","Badger Meter, Inc.","49.05","$1.43B","n/a","Capital Goods","Industrial Machinery/Components","https://www.nasdaq.com/symbol/bmi",
"BIDU","Baidu, Inc.","160.95","$56.1B","2005","Technology","Computer Software: Programming, Data Processing","https://www.nasdaq.com/symbol/bidu",
"BCSF","Bain Capital Specialty Finance, Inc.","17.46","$898.88M","2018","n/a","n/a","https://www.nasdaq.com/symbol/bcsf",
"BHGE","Baker Hughes, a GE company","21.96","$24.15B","2017","Energy","Metal Fabrications","https://www.nasdaq.com/symbol/bhge",
"BCPC","Balchem Corporation","79.5","$2.56B","n/a","Basic Industries","Major Chemicals","https://www.nasdaq.com/symbol/bcpc",
"BBN","BalckRock Taxable Municipal Bond Trust","21.48","$1.23B","2010","n/a","n/a","https://www.nasdaq.com/symbol/bbn",
"BLL","Ball Corporation","45.59","$15.46B","n/a","Consumer Durables","Containers/Packaging","https://www.nasdaq.com/symbol/bll",
"BTN","Ballantyne Strong, Inc","1.325","$19.14M","n/a","Miscellaneous","Industrial Machinery/Components","https://www.nasdaq.com/symbol/btn",
"BLDP","Ballard Power Systems, Inc.","2.98","$690.8M","n/a","Energy","Industrial Machinery/Components","https://www.nasdaq.com/symbol/bldp",
"BANC","Banc of California, Inc.","14.1","$714.2M","n/a","Finance","Major Banks","https://www.nasdaq.com/symbol/banc",
"BANC^D","Banc of California, Inc.","25.9","n/a","n/a","n/a","n/a","https://www.nasdaq.com/symbol/banc^d",
"BANC^E","Banc of California, Inc.","25.6","n/a","n/a","n/a","n/a","https://www.nasdaq.com/symbol/banc^e",
"BANF","BancFirst Corporation","52.28","$1.71B","1993","Finance","Major Banks","https://www.nasdaq.com/symbol/banf",
"BANFP","BancFirst Corporation","26.3","$26.3M","n/a","Finance","Major Banks","https://www.nasdaq.com/symbol/banfp",
"BBVA","Banco Bilbao Viscaya Argentaria S.A.","5.54","$36.94B","n/a","Finance","Commercial Banks","https://www.nasdaq.com/symbol/bbva",
"BBD","Banco Bradesco Sa","10.88","$72.83B","n/a","Finance","Major Banks","https://www.nasdaq.com/symbol/bbd",
"BBDO","Banco Bradesco Sa","9.6","$64.26B","n/a","Finance","Major Banks","https://www.nasdaq.com/symbol/bbdo",
"BCH","Banco De Chile","29.52","$44.73B","n/a","Finance","Commercial Banks","https://www.nasdaq.com/symbol/bch",
"BLX","Banco Latinoamericano de Comercio Exterior, S.A.","17.32","$684.81M","1992","Finance","Commercial Banks","https://www.nasdaq.com/symbol/blx",
"BSBR","Banco Santander Brasil SA","12.8","$95.66B","2009","Finance","Commercial Banks","https://www.nasdaq.com/symbol/bsbr",
"BSAC","Banco Santander Chile","30.54","$14.39B","n/a","Finance","Commercial Banks","https://www.nasdaq.com/symbol/bsac",
"BSMX","Banco Santander Mexico, S.A., Institucion de Ban","6.39","$8.67B","2012","Finance","Commercial Banks","https://www.nasdaq.com/symbol/bsmx",
"SAN","Banco Santander, S.A.","4.72","$76.64B","n/a","Finance","Commercial Banks","https://www.nasdaq.com/symbol/san",
"SAN^B","Banco Santander, S.A.","21.08","n/a","n/a","n/a","n/a","https://www.nasdaq.com/symbol/san^b",
"CIB","BanColombia S.A.","40.78","$9.81B","n/a","Finance","Commercial Banks","https://www.nasdaq.com/symbol/cib",
"BCTF","Bancorp 34, Inc.","14.79","$50.25M","n/a","Finance","Savings Institutions","https://www.nasdaq.com/symbol/bctf",
"BKJ","Bancorp of New Jersey, Inc","13.07","$95.35M","n/a","Finance","Major Banks","https://www.nasdaq.com/symbol/bkj",
"BXS","BancorpSouth Bank","27.16","$2.71B","n/a","Finance","Major Banks","https://www.nasdaq.com/symbol/bxs",
"BCV^A","Bancroft Fund Limited","25.44","n/a","n/a","n/a","n/a","https://www.nasdaq.com/symbol/bcv^a",
"BCV","Bancroft Fund Limited","18.83","$99.41M","n/a","n/a","n/a","https://www.nasdaq.com/symbol/bcv",
"BAND","Bandwidth Inc.","41.27","$798.78M","2017","Technology","Computer Software: Prepackaged Software","https://www.nasdaq.com/symbol/band",
"BFC","Bank First National Corporation","47","$312.3M","n/a","Finance","Major Banks","https://www.nasdaq.com/symbol/bfc",
"BAC.WS.A","Bank of America Corporation","n/a","n/a","n/a","n/a","n/a","https://www.nasdaq.com/symbol/bac.ws.a",
"BAC","Bank of America Corporation","25.58","$251.05B","n/a","Finance","Major Banks","https://www.nasdaq.com/symbol/bac",
"BAC^A","Bank of America Corporation","25.58","n/a","n/a","n/a","n/a","https://www.nasdaq.com/symbol/bac^a",
"BAC^B","Bank of America Corporation","25.63","n/a","n/a","n/a","n/a","https://www.nasdaq.com/symbol/bac^b",
"BAC^C","Bank of America Corporation","25.6","n/a","n/a","n/a","n/a","https://www.nasdaq.com/symbol/bac^c",
"BAC^E","Bank of America Corporation","20.85","n/a","n/a","n/a","n/a","https://www.nasdaq.com/symbol/bac^e",
"BAC^K","Bank of America Corporation","24.87","n/a","n/a","n/a","n/a","https://www.nasdaq.com/symbol/bac^k",
"BAC^L","Bank of America Corporation","1256.01","n/a","n/a","n/a","n/a","https://www.nasdaq.com/symbol/bac^l",
"BAC^W","Bank of America Corporation","25.61","n/a","n/a","Finance","Major Banks","https://www.nasdaq.com/symbol/bac^w",
"BAC^Y","Bank of America Corporation","25.6429","n/a","n/a","Finance","Major Banks","https://www.nasdaq.com/symbol/bac^y",
"BML^G","Bank of America Corporation","19.21","n/a","n/a","n/a","n/a","https://www.nasdaq.com/symbol/bml^g",
"BML^H","Bank of America Corporation","19.12","n/a","n/a","n/a","n/a","https://www.nasdaq.com/symbol/bml^h",
"BML^J","Bank of America Corporation","21.19","n/a","n/a","n/a","n/a","https://www.nasdaq.com/symbol/bml^j",
"BML^L","Bank of America Corporation","21.25","n/a","n/a","n/a","n/a","https://www.nasdaq.com/symbol/bml^l",
"BOCH","Bank of Commerce Holdings (CA)","11","$179.67M","n/a","Finance","Major Banks","https://www.nasdaq.com/symbol/boch",
"BOH","Bank of Hawaii Corporation","70.25","$2.93B","n/a","Finance","Major Banks","https://www.nasdaq.com/symbol/boh",
"BMRC","Bank of Marin Bancorp","42.85","$599.34M","n/a","Finance","Major Banks","https://www.nasdaq.com/symbol/bmrc",
"BMLP","Bank Of Montreal","41.6338","$41.63M","n/a","Finance","Commercial Banks","https://www.nasdaq.com/symbol/bmlp",
"BMO","Bank Of Montreal","67.28","$43.01B","n/a","Finance","Commercial Banks","https://www.nasdaq.com/symbol/bmo",
"NTB","Bank of N.T. Butterfield & Son Limited (The)","32.28","$1.79B","2016","Finance","Commercial Banks","https://www.nasdaq.com/symbol/ntb",
"BK","Bank Of New York Mellon Corporation (The)","47.91","$47.37B","n/a","Finance","Major Banks","https://www.nasdaq.com/symbol/bk",
"BK^C","Bank Of New York Mellon Corporation (The)","23.7883","n/a","n/a","n/a","n/a","https://www.nasdaq.com/symbol/bk^c",
"BNS","Bank of Nova Scotia (The)","51.18","$62.8B","n/a","Finance","Major Banks","https://www.nasdaq.com/symbol/bns",
"BKSC","Bank of South Carolina Corp.","18.4899","$101.9M","n/a","Finance","Major Banks","https://www.nasdaq.com/symbol/bksc",
"BOTJ","Bank of the James Financial Group, Inc.","13.05","$57.14M","n/a","Finance","Major Banks","https://www.nasdaq.com/symbol/botj",
"OZK","Bank OZK","24.46","$3.15B","n/a","Finance","Major Banks","https://www.nasdaq.com/symbol/ozk",
"BSVN","Bank7 Corp.","14.8","$150.78M","2018","Finance","Major Banks","https://www.nasdaq.com/symbol/bsvn",
"BFIN","BankFinancial Corporation","15.59","$264.97M","n/a","Finance","Savings Institutions","https://www.nasdaq.com/symbol/bfin",
"BKU","BankUnited, Inc.","31.72","$3.27B","2011","Finance","Savings Institutions","https://www.nasdaq.com/symbol/bku",
"BWFG","Bankwell Financial Group, Inc.","28.9","$226.64M","2014","Finance","Major Banks","https://www.nasdaq.com/symbol/bwfg",
"BANR","Banner Corporation","54.74","$1.95B","n/a","Finance","Major Banks","https://www.nasdaq.com/symbol/banr",
"BZUN","Baozun Inc.","30.32","$1.73B","2015","Consumer Services","Catalog/Specialty Distribution","https://www.nasdaq.com/symbol/bzun",
"BHB","Bar Harbor Bankshares, Inc.","24.12","$374.1M","n/a","Finance","Major Banks","https://www.nasdaq.com/symbol/bhb",
"BCS","Barclays PLC","7.88","$33.75B","n/a","Finance","Commercial Banks","https://www.nasdaq.com/symbol/bcs",
"DFVL","Barclays PLC","60.34","$4.3M","n/a","Finance","Commercial Banks","https://www.nasdaq.com/symbol/dfvl",
"DFVS","Barclays PLC","31.5","$3.65M","n/a","Finance","Commercial Banks","https://www.nasdaq.com/symbol/dfvs",
"DLBS","Barclays PLC","17.5818","$15.29M","n/a","Finance","Commercial Banks","https://www.nasdaq.com/symbol/dlbs",
"DTUL","Barclays PLC","55.0347","$4.56M","n/a","Finance","Commercial Banks","https://www.nasdaq.com/symbol/dtul",
"DTUS","Barclays PLC","36.95","$4.79M","n/a","Finance","Commercial Banks","https://www.nasdaq.com/symbol/dtus",
"DTYL","Barclays PLC","75.06","$4.79M","n/a","Finance","Commercial Banks","https://www.nasdaq.com/symbol/dtyl",
"DTYS","Barclays PLC","19.107","$50.34M","n/a","Finance","Commercial Banks","https://www.nasdaq.com/symbol/dtys",
"FLAT","Barclays PLC","66.29","$4.62M","n/a","Finance","Commercial Banks","https://www.nasdaq.com/symbol/flat",
"STPP","Barclays PLC","29.2917","$4.3M","n/a","Finance","Commercial Banks","https://www.nasdaq.com/symbol/stpp",
"TAPR","Barclays PLC","23.1999","$15.53M","n/a","Finance","Commercial Banks","https://www.nasdaq.com/symbol/tapr",
"BBDC","Barings BDC, Inc.","9.49","$486.69M","n/a","n/a","n/a","https://www.nasdaq.com/symbol/bbdc",
"MCI","Barings Corporate Investors","14.9019","$298.2M","n/a","n/a","n/a","https://www.nasdaq.com/symbol/mci",
"MPV","Barings Participation Investors","15.0494","$157.92M","1988","Consumer Services","Miscellaneous","https://www.nasdaq.com/symbol/mpv",
"BNED","Barnes & Noble Education, Inc","4.53","$215.45M","2015","Consumer Services","Other Specialty Stores","https://www.nasdaq.com/symbol/bned",
"BKS","Barnes & Noble, Inc.","7.6","$554.95M","n/a","Consumer Services","Other Specialty Stores","https://www.nasdaq.com/symbol/bks",
"B","Barnes Group, Inc.","54.28","$2.78B","n/a","Capital Goods","Metal Fabrications","https://www.nasdaq.com/symbol/b",
"BRN","Barnwell Industries, Inc.","1.38","$11.42M","n/a","Energy","Oil & Gas Production","https://www.nasdaq.com/symbol/brn",
"BBSI","Barrett Business Services, Inc.","58.1","$428.84M","1993","Technology","Professional Services","https://www.nasdaq.com/symbol/bbsi",
"GOLD","Barrick Gold Corporation","13.09","$15.28B","n/a","Basic Industries","Precious Metals","https://www.nasdaq.com/symbol/gold",
"BAS","Basic Energy Services, Inc.","4.9","$130.15M","2005","Energy","Oilfield Services/Equipment","https://www.nasdaq.com/symbol/bas",
"BSET","Bassett Furniture Industries, Incorporated","21.09","$224.36M","n/a","Consumer Durables","Home Furnishings","https://www.nasdaq.com/symbol/bset",
"ZTEST","BATS BZX Exchange","10","n/a","n/a","n/a","n/a","https://www.nasdaq.com/symbol/ztest",
"BHC","Bausch Health Companies Inc.","21.25","$7.43B","n/a","Health Care","Major Pharmaceuticals","https://www.nasdaq.com/symbol/bhc",
"BAX","Baxter International Inc.","66.5","$35.39B","n/a","Health Care","Medical/Dental Instruments","https://www.nasdaq.com/symbol/bax",
"BCML","BayCom Corp","23.23","$252.49M","2018","Finance","Major Banks","https://www.nasdaq.com/symbol/bcml",
"BTE","Baytex Energy Corp","1.9","$1.05B","n/a","Energy","Oil & Gas Production","https://www.nasdaq.com/symbol/bte",
"BBT","BB&T Corporation","45.25","$34.87B","n/a","Finance","Major Banks","https://www.nasdaq.com/symbol/bbt",
"BBT^D","BB&T Corporation","25.189","n/a","n/a","n/a","n/a","https://www.nasdaq.com/symbol/bbt^d",
"BBT^E","BB&T Corporation","24.35","n/a","n/a","n/a","n/a","https://www.nasdaq.com/symbol/bbt^e",
"BBT^F","BB&T Corporation","22.86","n/a","n/a","n/a","n/a","https://www.nasdaq.com/symbol/bbt^f",
"BBT^G","BB&T Corporation","22.901","n/a","n/a","n/a","n/a","https://www.nasdaq.com/symbol/bbt^g",
"BBT^H","BB&T Corporation","24.43","n/a","n/a","n/a","n/a","https://www.nasdaq.com/symbol/bbt^h",
"BFR","BBVA Banco Frances S.A.","11.85","$2.42B","n/a","Finance","Commercial Banks","https://www.nasdaq.com/symbol/bfr",
"BBX","BBX Capital Corporation","5.7","$553.13M","2017","Finance","Real Estate","https://www.nasdaq.com/symbol/bbx",
"BCBP","BCB Bancorp, Inc. (NJ)","11","$173.82M","2005","Finance","Savings Institutions","https://www.nasdaq.com/symbol/bcbp",
"BCE","BCE, Inc.","39.87","$35.81B","n/a","Public Utilities","Telecommunications Equipment","https://www.nasdaq.com/symbol/bce",
"BECN","Beacon Roofing Supply, Inc.","34.08","$2.34B","2004","Consumer Services","RETAIL: Building Materials","https://www.nasdaq.com/symbol/becn",
"BBGI","Beasley Broadcast Group, Inc.","4.39","$120.65M","2000","Consumer Services","Broadcasting","https://www.nasdaq.com/symbol/bbgi",
"BZH","Beazer Homes USA, Inc.","10.66","$351.27M","1994","Capital Goods","Homebuilding","https://www.nasdaq.com/symbol/bzh",
"BDX","Becton, Dickinson and Company","216.99","$58.47B","n/a","Health Care","Medical/Dental Instruments","https://www.nasdaq.com/symbol/bdx",
"BDXA","Becton, Dickinson and Company","56.13","n/a","n/a","Health Care","Medical/Dental Instruments","https://www.nasdaq.com/symbol/bdxa",
"BBBY","Bed Bath & Beyond Inc.","11.95","$1.65B","1992","Consumer Services","Home Furnishings","https://www.nasdaq.com/symbol/bbby",
"BGNE","BeiGene, Ltd.","127.86","$7.59B","2016","Health Care","Major Pharmaceuticals","https://www.nasdaq.com/symbol/bgne",
"BELFA","Bel Fuse Inc.","16.1","$197.18M","n/a","Capital Goods","Electrical Products","https://www.nasdaq.com/symbol/belfa",
"BELFB","Bel Fuse Inc.","18.33","$224.49M","n/a","Capital Goods","Electrical Products","https://www.nasdaq.com/symbol/belfb",
"BDC","Belden Inc","44.19","$1.78B","n/a","Basic Industries","Telecommunications Equipment","https://www.nasdaq.com/symbol/bdc",
"BDC^B","Belden Inc","61.8096","n/a","n/a","n/a","n/a","https://www.nasdaq.com/symbol/bdc^b",
"BXE","Bellatrix Exploration Ltd","0.5398","$43.67M","n/a","Energy","Oil & Gas Production","https://www.nasdaq.com/symbol/bxe",
"BLPH","Bellerophon Therapeutics, Inc.","0.86","$50.46M","2015","Health Care","Major Pharmaceuticals","https://www.nasdaq.com/symbol/blph",
"BLCM","Bellicum Pharmaceuticals, Inc.","3.43","$148.73M","2014","Health Care","Major Pharmaceuticals","https://www.nasdaq.com/symbol/blcm",
"BEL","Belmond Ltd.","24.85","$3.01B","n/a","Consumer Services","Hotels/Resorts","https://www.nasdaq.com/symbol/bel",
"BMS","Bemis Company, Inc.","45.8","$4.17B","n/a","Consumer Durables","Containers/Packaging","https://www.nasdaq.com/symbol/bms",
"BHE","Benchmark Electronics, Inc.","21.36","$933.65M","n/a","Technology","Electrical Products","https://www.nasdaq.com/symbol/bhe",
"BNCL","Beneficial Bancorp, Inc.","14.78","$1.11B","n/a","Finance","Savings Institutions","https://www.nasdaq.com/symbol/bncl",
"BNFT","Benefitfocus, Inc.","46.13","$1.47B","2013","Technology","Computer Software: Prepackaged Software","https://www.nasdaq.com/symbol/bnft",
"BNTC","Benitec Biopharma Limited","1.4024","$18.02M","2015","Health Care","Major Pharmaceuticals","https://www.nasdaq.com/symbol/bntc",
"BNTCW","Benitec Biopharma Limited","0.175","n/a","2015","Health Care","Major Pharmaceuticals","https://www.nasdaq.com/symbol/bntcw",
"BRK.A","Berkshire Hathaway Inc.","n/a","n/a","n/a","n/a","n/a","https://www.nasdaq.com/symbol/brk.a",
"BRK.B","Berkshire Hathaway Inc.","n/a","n/a","n/a","n/a","n/a","https://www.nasdaq.com/symbol/brk.b",
"BHLB","Berkshire Hills Bancorp, Inc.","28.01","$1.27B","n/a","Finance","Banks","https://www.nasdaq.com/symbol/bhlb",
"BERY","Berry Global Group, Inc.","47.88","$6.28B","2012","Consumer Non-Durables","Plastic Products","https://www.nasdaq.com/symbol/bery",
"BRY","Berry Petroleum Corporation","9.64","$787.12M","2018","Energy","Oil & Gas Production","https://www.nasdaq.com/symbol/bry",
"BBY","Best Buy Co., Inc.","52.75","$14.2B","n/a","Consumer Services","Consumer Electronics/Video Chains","https://www.nasdaq.com/symbol/bby",
"BSTI","BEST Inc.","4.5","$1.74B","2017","Transportation","Trucking Freight/Courier Services","https://www.nasdaq.com/symbol/bsti",
"BYSI","BeyondSpring, Inc.","18.5","$428.73M","2017","Health Care","Major Pharmaceuticals","https://www.nasdaq.com/symbol/bysi",
"BGSF","BG Staffing Inc","21.1","$214.33M","n/a","Technology","Professional Services","https://www.nasdaq.com/symbol/bgsf",
"BGCP","BGC Partners, Inc.","5.63","$1.86B","n/a","Finance","Investment Bankers/Brokers/Service","https://www.nasdaq.com/symbol/bgcp",
"BHP","BHP Group Limited","49.22","$124.47B","n/a","Basic Industries","Precious Metals","https://www.nasdaq.com/symbol/bhp",
"BBL","BHP Group Plc","42.77","$108.16B","n/a","Energy","Coal Mining","https://www.nasdaq.com/symbol/bbl",
"BGFV","Big 5 Sporting Goods Corporation","3.06","$65.57M","2002","Consumer Services","Other Specialty Stores","https://www.nasdaq.com/symbol/bgfv",
"BIG","Big Lots, Inc.","30.09","$1.21B","n/a","Consumer Services","Department/Specialty Retail Stores","https://www.nasdaq.com/symbol/big",
"BRPA","Big Rock Partners Acquisition Corp.","10.19","$92.07M","2017","Finance","Business Services","https://www.nasdaq.com/symbol/brpa",
"BRPAR","Big Rock Partners Acquisition Corp.","0.35","n/a","2017","Finance","Business Services","https://www.nasdaq.com/symbol/brpar",
"BRPAU","Big Rock Partners Acquisition Corp.","10.55","n/a","2017","Finance","Business Services","https://www.nasdaq.com/symbol/brpau",
"BRPAW","Big Rock Partners Acquisition Corp.","0.3","n/a","2017","Finance","Business Services","https://www.nasdaq.com/symbol/brpaw",
"BH.A","Biglari Holdings Inc.","n/a","n/a","n/a","n/a","n/a","https://www.nasdaq.com/symbol/bh.a",
"BH","Biglari Holdings Inc.","124.95","$258.36M","2018","Consumer Services","Restaurants","https://www.nasdaq.com/symbol/bh",
"BILI","Bilibili Inc.","13.7","$2.65B","2018","Technology","EDP Services","https://www.nasdaq.com/symbol/bili",
"BASI","Bioanalytical Systems, Inc.","1.3","$13.32M","1997","Health Care","Biotechnology: Commercial Physical & Biological Resarch","https://www.nasdaq.com/symbol/basi",
"ORPN","Bioblast Pharma Ltd.","0.99","$3.33M","2014","Health Care","Major Pharmaceuticals","https://www.nasdaq.com/symbol/orpn",
"BIOC","Biocept, Inc.","0.9555","$3.88M","2014","Health Care","Medical Specialities","https://www.nasdaq.com/symbol/bioc",
"BCRX","BioCryst Pharmaceuticals, Inc.","8.62","$945.11M","1994","Health Care","Biotechnology: Biological Products (No Diagnostic Substances)","https://www.nasdaq.com/symbol/bcrx",
"BDSI","BioDelivery Sciences International, Inc.","3.87","$273.58M","n/a","Health Care","Major Pharmaceuticals","https://www.nasdaq.com/symbol/bdsi",
"BFRA","Biofrontera AG","11.9","$265.21M","2018","Health Care","Major Pharmaceuticals","https://www.nasdaq.com/symbol/bfra",
"BIIB","Biogen Inc.","318.33","$64.14B","n/a","Health Care","Biotechnology: Biological Products (No Diagnostic Substances)","https://www.nasdaq.com/symbol/biib",
"BHVN","Biohaven Pharmaceutical Holding Company Ltd.","36.86","$1.63B","2017","Health Care","Major Pharmaceuticals","https://www.nasdaq.com/symbol/bhvn",
"BHTG","BioHiTech Global, Inc.","2.0752","$30.41M","n/a","Consumer Services","Other Consumer Services","https://www.nasdaq.com/symbol/bhtg",
"BKYI","BIO-key International, Inc.","0.95","$13.28M","n/a","Technology","Computer Communications Equipment","https://www.nasdaq.com/symbol/bkyi",
"BIOL","Biolase, Inc.","1.08","$22.31M","n/a","Health Care","Medical/Dental Instruments","https://www.nasdaq.com/symbol/biol",
"BLFS","BioLife Solutions, Inc.","11.78","$217.93M","n/a","Health Care","Biotechnology: Electromedical & Electrotherapeutic Apparatus","https://www.nasdaq.com/symbol/blfs",
"BLRX","BioLineRx Ltd.","0.4901","$56.33M","n/a","Health Care","Major Pharmaceuticals","https://www.nasdaq.com/symbol/blrx",
"BMRN","BioMarin Pharmaceutical Inc.","87.1","$15.51B","1999","Health Care","Major Pharmaceuticals","https://www.nasdaq.com/symbol/bmrn",
"BMRA","Biomerica, Inc.","1.9609","$17.58M","n/a","Health Care","Medical/Dental Instruments","https://www.nasdaq.com/symbol/bmra",
"BNGO","Bionano Genomics, Inc.","5.02","$50.36M","2018","Capital Goods","Biotechnology: Laboratory Analytical Instruments","https://www.nasdaq.com/symbol/bngo",
"BNGOW","Bionano Genomics, Inc.","1.0801","n/a","2018","Capital Goods","Biotechnology: Laboratory Analytical Instruments","https://www.nasdaq.com/symbol/bngow",
"BVXV","BiondVax Pharmaceuticals Ltd.","4.87","$31.83M","2015","Health Care","Biotechnology: Biological Products (No Diagnostic Substances)","https://www.nasdaq.com/symbol/bvxv",
"BVXVW","BiondVax Pharmaceuticals Ltd.","0.92","n/a","2015","Health Care","Biotechnology: Biological Products (No Diagnostic Substances)","https://www.nasdaq.com/symbol/bvxvw",
"BPTH","Bio-Path Holdings, Inc.","0.205","$2.79M","n/a","Health Care","Major Pharmaceuticals","https://www.nasdaq.com/symbol/bpth",
"BPMX","BioPharmX Corporation","0.1164","$24.77M","2015","Health Care","Major Pharmaceuticals","https://www.nasdaq.com/symbol/bpmx",
"BIO.B","Bio-Rad Laboratories, Inc.","n/a","n/a","n/a","n/a","n/a","https://www.nasdaq.com/symbol/bio.b",
"BIO","Bio-Rad Laboratories, Inc.","226.28","$6.78B","n/a","Capital Goods","Biotechnology: Laboratory Analytical Instruments","https://www.nasdaq.com/symbol/bio",
"BIOS","BioScrip, Inc.","3.42","$437.9M","n/a","Health Care","Medical/Nursing Services","https://www.nasdaq.com/symbol/bios",
"BSGM","BioSig Technologies, Inc.","4.38","$72.99M","n/a","Health Care","Biotechnology: Electromedical & Electrotherapeutic Apparatus","https://www.nasdaq.com/symbol/bsgm",
"BSTC","BioSpecifics Technologies Corp","61.44","$447.17M","n/a","Health Care","Major Pharmaceuticals","https://www.nasdaq.com/symbol/bstc",
"TECH","Bio-Techne Corp","144.49","$5.46B","n/a","Health Care","Biotechnology: Biological Products (No Diagnostic Substances)","https://www.nasdaq.com/symbol/tech",
"BEAT","BioTelemetry, Inc.","57.72","$1.92B","2008","Health Care","Medical Specialities","https://www.nasdaq.com/symbol/beat",
"BTX","BioTime, Inc.","1.02","$129.42M","n/a","Health Care","Biotechnology: Biological Products (No Diagnostic Substances)","https://www.nasdaq.com/symbol/btx",
"BTAI","BioXcel Therapeutics, Inc.","5.22","$81.67M","2018","Health Care","Major Pharmaceuticals","https://www.nasdaq.com/symbol/btai",
"BGI","Birks Group Inc.","0.9421","$16.92M","n/a","Consumer Services","Consumer Specialties","https://www.nasdaq.com/symbol/bgi",
"BCAC","Bison Capital Acquisition Corp.","10.4","$82.98M","2017","Health Care","Major Pharmaceuticals","https://www.nasdaq.com/symbol/bcac",
"BCACR","Bison Capital Acquisition Corp.","0.2799","n/a","2017","Health Care","Major Pharmaceuticals","https://www.nasdaq.com/symbol/bcacr",
"BCACU","Bison Capital Acquisition Corp.","10.89","n/a","2017","Health Care","Major Pharmaceuticals","https://www.nasdaq.com/symbol/bcacu",
"BCACW","Bison Capital Acquisition Corp.","0.35","n/a","2017","Health Care","Major Pharmaceuticals","https://www.nasdaq.com/symbol/bcacw",
"BITA","Bitauto Holdings Limited","20.61","$1.5B","2010","Technology","EDP Services","https://www.nasdaq.com/symbol/bita",
"BJRI","BJ&#39;s Restaurants, Inc.","51.36","$1.09B","n/a","Consumer Services","Restaurants","https://www.nasdaq.com/symbol/bjri",
"BJ","BJ&#39;s Wholesale Club Holdings, Inc.","22.74","$3.11B","2018","Consumer Services","Department/Specialty Retail Stores","https://www.nasdaq.com/symbol/bj",
"BKTI","BK Technologies, Inc.","4.15","$55.44M","n/a","Technology","Radio And Television Broadcasting And Communications Equipment","https://www.nasdaq.com/symbol/bkti",
"BBOX","Black Box Corporation","1.09","$16.61M","n/a","Technology","Computer Communications Equipment","https://www.nasdaq.com/symbol/bbox",
"BKH","Black Hills Corporation","62.79","$3.77B","n/a","Public Utilities","Electric Utilities: Central","https://www.nasdaq.com/symbol/bkh",
"BKI","Black Knight, Inc.","45.38","$6.78B","2017","Technology","Computer Software: Prepackaged Software","https://www.nasdaq.com/symbol/bki",
"BRAC","Black Ridge Acquisition Corp.","10.05","$177.83M","2017","Finance","Business Services","https://www.nasdaq.com/symbol/brac",
"BRACR","Black Ridge Acquisition Corp.","0.349","n/a","2017","Finance","Business Services","https://www.nasdaq.com/symbol/bracr",
"BRACU","Black Ridge Acquisition Corp.","10.5","n/a","2017","Finance","Business Services","https://www.nasdaq.com/symbol/bracu",
"BRACW","Black Ridge Acquisition Corp.","0.25","n/a","2017","Finance","Business Services","https://www.nasdaq.com/symbol/bracw",
"BSM","Black Stone Minerals, L.P.","15.64","$3.2B","2015","Energy","Oil & Gas Production","https://www.nasdaq.com/symbol/bsm",
"BLKB","Blackbaud, Inc.","63.24","$3.07B","2004","Technology","Computer Software: Prepackaged Software","https://www.nasdaq.com/symbol/blkb",
"BB","BlackBerry Limited","7.23","$3.91B","n/a","Technology","Computer Software: Prepackaged Software","https://www.nasdaq.com/symbol/bb",
"BL","BlackLine, Inc.","40.59","$2.22B","2016","Technology","Computer Software: Prepackaged Software","https://www.nasdaq.com/symbol/bl",
"BGIO","BlackRock 2022 Global Income Opportunity Trust","8.47","$187.43M","2017","n/a","n/a","https://www.nasdaq.com/symbol/bgio",
"BFZ","BlackRock California Municipal Income Trust","12.28","$391.77M","2001","n/a","n/a","https://www.nasdaq.com/symbol/bfz",
"CII","Blackrock Capital and Income Strategies Fund Inc","14.18","$625.64M","2004","n/a","n/a","https://www.nasdaq.com/symbol/cii",
"BKCC","BlackRock Capital Investment Corporation","5.6","$390.51M","2007","n/a","n/a","https://www.nasdaq.com/symbol/bkcc",
"BHK","Blackrock Core Bond Trust","12.47","$672.57M","2001","n/a","n/a","https://www.nasdaq.com/symbol/bhk",
"HYT","Blackrock Corporate High Yield Fund, Inc.","9.54","$1.19B","2003","n/a","n/a","https://www.nasdaq.com/symbol/hyt",
"BTZ","BlackRock Credit Allocation Income Trust","11.44","$1.22B","2006","n/a","n/a","https://www.nasdaq.com/symbol/btz",
"DSU","Blackrock Debt Strategies Fund, Inc.","10.17","$537.57M","1998","n/a","n/a","https://www.nasdaq.com/symbol/dsu",
"BGR","BlackRock Energy and Resources Trust","11.24","$335.24M","2004","n/a","n/a","https://www.nasdaq.com/symbol/bgr",
"BDJ","Blackrock Enhanced Equity Dividend Trust","7.9","$1.48B","2005","n/a","n/a","https://www.nasdaq.com/symbol/bdj",
"EGF","Blackrock Enhanced Government Fund, Inc","12.98","$75.88M","2005","n/a","n/a","https://www.nasdaq.com/symbol/egf",
"FRA","Blackrock Floating Rate Income Strategies Fund Inc","12.21","$454.61M","2003","n/a","n/a","https://www.nasdaq.com/symbol/fra",
"BFO","Blackrock Florida Municipal 2020 Term Trust","14.2189","$79.09M","2003","n/a","n/a","https://www.nasdaq.com/symbol/bfo",
"BGT","Blackrock Global","11.8","$279.27M","2004","n/a","n/a","https://www.nasdaq.com/symbol/bgt",
"BOE","Blackrock Global","9.69","$667.76M","2005","n/a","n/a","https://www.nasdaq.com/symbol/boe",
"BME","Blackrock Health Sciences Trust","37.32","$350.08M","2005","n/a","n/a","https://www.nasdaq.com/symbol/bme",
"BAF","BlackRock Income Investment Quality Trust","13.07","$114.35M","2002","n/a","n/a","https://www.nasdaq.com/symbol/baf",
"BKT","BlackRock Income Trust Inc. (The)","5.78","$368.75M","n/a","n/a","n/a","https://www.nasdaq.com/symbol/bkt",
"BGY","BLACKROCK INTERNATIONAL, LTD.","5.09","$555.06M","2007","n/a","n/a","https://www.nasdaq.com/symbol/bgy",
"BKN","BlackRock Investment Quality Municipal Trust Inc. (The)","13.56","$233.04M","1993","n/a","n/a","https://www.nasdaq.com/symbol/bkn",
"BTA","BlackRock Long-Term Municipal Advantage Trust","10.98","$147.38M","2006","n/a","n/a","https://www.nasdaq.com/symbol/bta",
"BZM","BlackRock Maryland Municipal Bond Trust","13.6501","$28.41M","2002","n/a","n/a","https://www.nasdaq.com/symbol/bzm",
"MHE","BlackRock Massachusetts Tax-Exempt Trust","11.62","$27.55M","1993","n/a","n/a","https://www.nasdaq.com/symbol/mhe",
"BIT","BlackRock Multi-Sector Income Trust","15.69","$595.38M","2013","n/a","n/a","https://www.nasdaq.com/symbol/bit",
"MUI","Blackrock Muni Intermediate Duration Fund Inc","12.97","$496.7M","2003","n/a","n/a","https://www.nasdaq.com/symbol/mui",
"MNE","Blackrock Muni New York Intermediate Duration Fund Inc","12.6","$53.04M","2003","n/a","n/a","https://www.nasdaq.com/symbol/mne",
"MUA","Blackrock MuniAssets Fund, Inc.","13.67","$492.23M","1993","n/a","n/a","https://www.nasdaq.com/symbol/mua",
"BKK","Blackrock Municipal 2020 Term Trust","14.87","$300.92M","2003","n/a","n/a","https://www.nasdaq.com/symbol/bkk",
"BBK","Blackrock Municipal Bond Trust","13.95","$146.8M","2002","n/a","n/a","https://www.nasdaq.com/symbol/bbk",
"BBF","BlackRock Municipal Income Investment Trust","12.29","$125.59M","n/a","n/a","n/a","https://www.nasdaq.com/symbol/bbf",
"BYM","Blackrock Municipal Income Quality Trust","12.86","$339.58M","2002","n/a","n/a","https://www.nasdaq.com/symbol/bym",
"BFK","BlackRock Municipal Income Trust","12.59","$564.24M","n/a","n/a","n/a","https://www.nasdaq.com/symbol/bfk",
"BLE","BlackRock Municipal Income Trust II","13.14","$309.18M","2002","n/a","n/a","https://www.nasdaq.com/symbol/ble",
"BTT","BlackRock Municipal Target Term Trust Inc. (The)","21.07","$1.49B","2012","n/a","n/a","https://www.nasdaq.com/symbol/btt",
"MEN","Blackrock MuniEnhanced Fund, Inc.","10.18","$301.78M","1989","n/a","n/a","https://www.nasdaq.com/symbol/men",
"MUC","Blackrock MuniHoldings California Quality Fund,  Inc.","12.67","$519.5M","1998","n/a","n/a","https://www.nasdaq.com/symbol/muc",
"MUH","Blackrock MuniHoldings Fund II, Inc.","13.4","$151.66M","1998","n/a","n/a","https://www.nasdaq.com/symbol/muh",
"MHD","Blackrock MuniHoldings Fund, Inc.","15.05","$213.22M","1997","n/a","n/a","https://www.nasdaq.com/symbol/mhd",
"MFL","Blackrock MuniHoldings Investment Quality Fund","12.95","$490.76M","1997","n/a","n/a","https://www.nasdaq.com/symbol/mfl",
"MUJ","Blackrock MuniHoldings New Jersey Insured Fund, Inc.","12.81","$386.27M","1998","n/a","n/a","https://www.nasdaq.com/symbol/muj",
"MHN","Blackrock MuniHoldings New York Quality Fund, Inc.","12.18","$379.19M","1997","n/a","n/a","https://www.nasdaq.com/symbol/mhn",
"MUE","Blackrock MuniHoldings Quality Fund II, Inc.","11.79","$265.45M","n/a","n/a","n/a","https://www.nasdaq.com/symbol/mue",
"MUS","Blackrock MuniHoldings Quality Fund, Inc.","11.63","$151.37M","1998","n/a","n/a","https://www.nasdaq.com/symbol/mus",
"MVT","Blackrock MuniVest Fund II, Inc.","13.98","$296.28M","1993","n/a","n/a","https://www.nasdaq.com/symbol/mvt",
"MYC","Blackrock MuniYield California Fund, Inc.","13.26","$284.02M","1992","n/a","n/a","https://www.nasdaq.com/symbol/myc",
"MCA","Blackrock MuniYield California Insured Fund, Inc.","12.93","$444.87M","1992","n/a","n/a","https://www.nasdaq.com/symbol/mca",
"MYD","Blackrock MuniYield Fund, Inc.","12.86","$601.4M","1991","n/a","n/a","https://www.nasdaq.com/symbol/myd",
"MYF","Blackrock MuniYield Investment Fund","12.92","$176.78M","1992","n/a","n/a","https://www.nasdaq.com/symbol/myf",
"MFT","Blackrock MuniYield Investment QualityFund","12.64","$107.13M","1992","n/a","n/a","https://www.nasdaq.com/symbol/mft",
"MIY","Blackrock MuniYield Michigan Quality Fund, Inc.","12.65","$374.17M","1992","n/a","n/a","https://www.nasdaq.com/symbol/miy",
"MYJ","Blackrock MuniYield New Jersey Fund, Inc.","13.22","$319.37M","1992","n/a","n/a","https://www.nasdaq.com/symbol/myj",
"MYN","Blackrock MuniYield New York Quality Fund, Inc.","11.67","$461.98M","1992","n/a","n/a","https://www.nasdaq.com/symbol/myn",
"MPA","Blackrock MuniYield Pennsylvania Quality Fund","12.83","$171.31M","1992","n/a","n/a","https://www.nasdaq.com/symbol/mpa",
"MQT","Blackrock MuniYield Quality Fund II, Inc.","11.72","$264.38M","1992","n/a","n/a","https://www.nasdaq.com/symbol/mqt",
"MYI","Blackrock MuniYield Quality Fund III, Inc.","12.17","$828.59M","n/a","n/a","n/a","https://www.nasdaq.com/symbol/myi",
"MQY","Blackrock MuniYield Quality Fund, Inc.","13.35","$409.85M","1992","n/a","n/a","https://www.nasdaq.com/symbol/mqy",
"BNY","BlackRock New York Investment Quality Municipal Trust Inc. (Th","12.44","$161.27M","n/a","n/a","n/a","https://www.nasdaq.com/symbol/bny",
"BQH","Blackrock New York Municipal Bond Trust","12.94","$36.23M","2002","n/a","n/a","https://www.nasdaq.com/symbol/bqh",
"BSE","Blackrock New York Municipal Income Quality Trust","12.27","$80M","2002","n/a","n/a","https://www.nasdaq.com/symbol/bse",
"BFY","BlackRock New York Municipal Income Trust II","12.72","$63.66M","2002","n/a","n/a","https://www.nasdaq.com/symbol/bfy",
"BCX","BlackRock Resources","7.28","$713.72M","2011","n/a","n/a","https://www.nasdaq.com/symbol/bcx",
"BST","BlackRock Science and Technology Trust","27.72","$620.13M","2014","n/a","n/a","https://www.nasdaq.com/symbol/bst",
"BSD","BlackRock Strategic Municipal Trust Inc. (The)","12.33","$90.09M","1999","n/a","n/a","https://www.nasdaq.com/symbol/bsd",
"TCPC","BlackRock TCP Capital Corp.","13.58","$798.36M","2012","n/a","n/a","https://www.nasdaq.com/symbol/tcpc",
"BUI","BlackRock Utility, Infrastructure & Power Opportun","19.83","$335.54M","2011","n/a","n/a","https://www.nasdaq.com/symbol/bui",
"BHV","BlackRock Virginia Municipal Bond Trust","15.37","$24.65M","2002","n/a","n/a","https://www.nasdaq.com/symbol/bhv",
"BLK","BlackRock, Inc.","391.82","$62.17B","1999","Finance","Investment Bankers/Brokers/Service","https://www.nasdaq.com/symbol/blk",
"BGB","Blackstone / GSO Strategic Credit Fund","13.78","$615.48M","2012","n/a","n/a","https://www.nasdaq.com/symbol/bgb",
"BGX","Blackstone GSO Long Short Credit Income Fund","14.115","$179.29M","2011","n/a","n/a","https://www.nasdaq.com/symbol/bgx",
"BSL","Blackstone GSO Senior Floating Rate Term Fund","15.81","$241.12M","2010","n/a","n/a","https://www.nasdaq.com/symbol/bsl",
"BLNK","Blink Charging Co.","1.85","$47.58M","n/a","Consumer Durables","Electrical Products","https://www.nasdaq.com/symbol/blnk",
"BLNKW","Blink Charging Co.","0.34","n/a","n/a","Consumer Durables","Electrical Products","https://www.nasdaq.com/symbol/blnkw",
"BDR","Blonder Tongue Laboratories, Inc.","1.12","$10.4M","n/a","Technology","Radio And Television Broadcasting And Communications Equipment","https://www.nasdaq.com/symbol/bdr",
"BE","Bloom Energy Corporation","11.83","$1.29B","2018","Energy","Industrial Machinery/Components","https://www.nasdaq.com/symbol/be",
"BLMN","Bloomin&#39; Brands, Inc.","18.85","$1.73B","2012","Consumer Services","Restaurants","https://www.nasdaq.com/symbol/blmn",
"BCOR","Blucora, Inc.","26.54","$1.27B","n/a","Finance","Finance: Consumer Services","https://www.nasdaq.com/symbol/bcor",
"APRN","Blue Apron Holdings, Inc.","0.99","$191.81M","2017","Consumer Services","Catalog/Specialty Distribution","https://www.nasdaq.com/symbol/aprn",
"BLBD","Blue Bird Corporation","18.43","$485.28M","2014","Capital Goods","Construction/Ag Equipment/Trucks","https://www.nasdaq.com/symbol/blbd",
"BCRH","Blue Capital Reinsurance Holdings Ltd.","6.53","$57.25M","2013","Finance","Property-Casualty Insurers","https://www.nasdaq.com/symbol/bcrh",
"BHBK","Blue Hills Bancorp, Inc.","22.29","$598.66M","2014","Finance","Major Banks","https://www.nasdaq.com/symbol/bhbk",
"BLUE","bluebird bio, Inc.","106.53","$5.83B","2013","Health Care","Biotechnology: Biological Products (No Diagnostic Substances)","https://www.nasdaq.com/symbol/blue",
"BXG","Bluegreen Vacations Corporation","13.13","$981.26M","2017","Finance","Real Estate","https://www.nasdaq.com/symbol/bxg",
"BKEP","Blueknight Energy Partners L.P., L.L.C.","1.4799","$59.78M","2011","Energy","Natural Gas Distribution","https://www.nasdaq.com/symbol/bkep",
"BKEPP","Blueknight Energy Partners L.P., L.L.C.","5.13","$154.71M","n/a","Energy","Natural Gas Distribution","https://www.nasdaq.com/symbol/bkepp",
"BXC","BlueLinx Holdings Inc.","25.43","$236.34M","2004","Capital Goods","Wholesale Distributors","https://www.nasdaq.com/symbol/bxc",
"BPMC","Blueprint Medicines Corporation","53.48","$2.35B","2015","Health Care","Major Pharmaceuticals","https://www.nasdaq.com/symbol/bpmc",
"BRG^A","Bluerock Residential Growth REIT, Inc.","25.59","n/a","n/a","n/a","n/a","https://www.nasdaq.com/symbol/brg^a",
"BRG^C","Bluerock Residential Growth REIT, Inc.","24.8596","n/a","n/a","n/a","n/a","https://www.nasdaq.com/symbol/brg^c",
"BRG^D","Bluerock Residential Growth REIT, Inc.","21.92","n/a","n/a","n/a","n/a","https://www.nasdaq.com/symbol/brg^d",
"BRG","Bluerock Residential Growth REIT, Inc.","9.89","$235.21M","2014","Consumer Services","Real Estate Investment Trusts","https://www.nasdaq.com/symbol/brg",
"ITEQ","BlueStar Israel Technology ETF","31.5796","n/a","n/a","n/a","n/a","https://www.nasdaq.com/symbol/iteq",
"BMCH","BMC Stock Holdings, Inc.","16.57","$1.12B","2013","Consumer Services","RETAIL: Building Materials","https://www.nasdaq.com/symbol/bmch",
"BA","Boeing Company (The)","327.08","$185.74B","n/a","Capital Goods","Aerospace","https://www.nasdaq.com/symbol/ba",
"WIFI","Boingo Wireless, Inc.","21.63","$919.51M","2011","Consumer Services","Telecommunications Equipment","https://www.nasdaq.com/symbol/wifi",
"BCC","Boise Cascade, L.L.C.","24.63","$958.32M","2013","Consumer Services","RETAIL: Building Materials","https://www.nasdaq.com/symbol/bcc",
"BOJA","Bojangles&#39;, Inc.","16.09","$610.97M","2015","Consumer Services","Restaurants","https://www.nasdaq.com/symbol/boja",
"BOKF","BOK Financial Corporation","76.37","$5.55B","n/a","Finance","Major Banks","https://www.nasdaq.com/symbol/bokf",
"BOKFL","BOK Financial Corporation","23.47","n/a","n/a","Finance","Major Banks","https://www.nasdaq.com/symbol/bokfl",
"BCEI","Bonanza Creek Energy, Inc.","23.28","$478.26M","2017","Energy","Oil & Gas Production","https://www.nasdaq.com/symbol/bcei",
"BNSO","Bonso Electronics International, Inc.","2.26","$10.65M","n/a","Capital Goods","Industrial Machinery/Components","https://www.nasdaq.com/symbol/bnso",
"BKNG","Booking Holdings Inc.","1717.55","$79.57B","n/a","Miscellaneous","Business Services","https://www.nasdaq.com/symbol/bkng",
"BOOT","Boot Barn Holdings, Inc.","18.24","$516.74M","2014","Consumer Services","Clothing/Shoe/Accessory Stores","https://www.nasdaq.com/symbol/boot",
"BAH","Booz Allen Hamilton Holding Corporation","45.76","$6.51B","2010","Consumer Services","Professional Services","https://www.nasdaq.com/symbol/bah",
"BWA","BorgWarner Inc.","35.35","$7.36B","n/a","Capital Goods","Auto Parts:O.E.M.","https://www.nasdaq.com/symbol/bwa",
"BRQS","Borqs Technologies, Inc. ","3.8001","$118.96M","2015","Technology","EDP Services","https://www.nasdaq.com/symbol/brqs",
"SAM","Boston Beer Company, Inc. (The)","245.88","$2.86B","n/a","Consumer Non-Durables","Beverages (Production/Distribution)","https://www.nasdaq.com/symbol/sam",
"BOMN","Boston Omaha Corporation","24.89","$549.16M","n/a","Finance","Real Estate","https://www.nasdaq.com/symbol/bomn",
"BPFH","Boston Private Financial Holdings, Inc.","11.13","$939.12M","n/a","Finance","Major Banks","https://www.nasdaq.com/symbol/bpfh",
"BXP","Boston Properties, Inc.","111.51","$17.22B","1997","Consumer Services","Real Estate Investment Trusts","https://www.nasdaq.com/symbol/bxp",
"BXP^B","Boston Properties, Inc.","23.55","n/a","n/a","n/a","n/a","https://www.nasdaq.com/symbol/bxp^b",
"BSX","Boston Scientific Corporation","34.21","$47.34B","n/a","Health Care","Medical/Dental Instruments","https://www.nasdaq.com/symbol/bsx",
"EPAY","Bottomline Technologies, Inc.","47.86","$2.06B","1999","Technology","Computer Software: Prepackaged Software","https://www.nasdaq.com/symbol/epay",
"BWL.A","Bowl America, Inc.","n/a","n/a","n/a","n/a","n/a","https://www.nasdaq.com/symbol/bwl.a",
"BOX","Box, Inc.","18.57","$2.66B","2015","Technology","Computer Software: Prepackaged Software","https://www.nasdaq.com/symbol/box",
"BOXL","Boxlight Corporation","1.63","$16.58M","2017","Miscellaneous","Industrial Machinery/Components","https://www.nasdaq.com/symbol/boxl",
"BWMCU","Boxwood Merger Corp.","9.9489","n/a","2018","Finance","Business Services","https://www.nasdaq.com/symbol/bwmcu",
"BYD","Boyd Gaming Corporation","22.26","$2.5B","1993","Consumer Services","Hotels/Resorts","https://www.nasdaq.com/symbol/byd",
"BPMP","BP Midstream Partners LP","16.78","$1.76B","2017","Energy","Natural Gas Distribution","https://www.nasdaq.com/symbol/bpmp",
"BP","BP p.l.c.","40.03","$134.5B","n/a","Energy","Integrated oil Companies","https://www.nasdaq.com/symbol/bp",
"BPT","BP Prudhoe Bay Royalty Trust","23.02","$492.63M","n/a","Energy","Integrated oil Companies","https://www.nasdaq.com/symbol/bpt",
"BRC","Brady Corporation","44.24","$2.32B","n/a","Consumer Durables","Miscellaneous manufacturing industries","https://www.nasdaq.com/symbol/brc",
"BHR","Braemar Hotels & Resorts Inc.","9.01","$292.93M","2013","Consumer Services","Real Estate Investment Trusts","https://www.nasdaq.com/symbol/bhr",
"BHR^B","Braemar Hotels & Resorts Inc.","16.98","n/a","n/a","n/a","n/a","https://www.nasdaq.com/symbol/bhr^b",
"BHR^D","Braemar Hotels & Resorts Inc.","22.404","n/a","n/a","n/a","n/a","https://www.nasdaq.com/symbol/bhr^d",
"BCLI","Brainstorm Cell Therapeutics Inc.","3.37","$69.78M","n/a","Health Care","Biotechnology: Biological Products (No Diagnostic Substances)","https://www.nasdaq.com/symbol/bcli",
"BVNSC","Brandes Investment Trust","100.04","n/a","n/a","n/a","n/a","https://www.nasdaq.com/symbol/bvnsc",
"BDN","Brandywine Realty Trust","13.16","$2.35B","n/a","Consumer Services","Real Estate Investment Trusts","https://www.nasdaq.com/symbol/bdn",
"BWG","BrandywineGLOBAL Global Income Opportunities Fund ","10.64","$223.33M","2012","n/a","n/a","https://www.nasdaq.com/symbol/bwg",
"LND","Brasilagro Cia Brasileira De Propriedades Agricolas","4.3","$231.35M","n/a","Consumer Non-Durables","Farming/Seeds/Milling","https://www.nasdaq.com/symbol/lnd",
"BAK","Braskem S.A.","26.02","$10.35B","n/a","Basic Industries","Major Chemicals","https://www.nasdaq.com/symbol/bak",
"BRFS","BRF S.A.","5.77","$4.68B","n/a","Consumer Non-Durables","Meat/Poultry/Fish","https://www.nasdaq.com/symbol/brfs",
"BDGE","Bridge Bancorp, Inc.","26.95","$533.4M","n/a","Finance","Major Banks","https://www.nasdaq.com/symbol/bdge",
"BLIN          ","Bridgeline Digital, Inc.","0.247","$3.42M","n/a","Technology","Computer Software: Prepackaged Software","https://www.nasdaq.com/symbol/blin",
"BPI","Bridgepoint Education, Inc.","7.61","$206.55M","2009","Consumer Services","Other Consumer Services","https://www.nasdaq.com/symbol/bpi",
"BWB","Bridgewater Bancshares, Inc.","10.74","$322.89M","2018","Finance","Major Banks","https://www.nasdaq.com/symbol/bwb",
"BRID","Bridgford Foods Corporation","20.1","$182.44M","n/a","Consumer Non-Durables","Specialty Foods","https://www.nasdaq.com/symbol/brid",
"BGG","Briggs & Stratton Corporation","13.53","$573.52M","n/a","Energy","Industrial Machinery/Components","https://www.nasdaq.com/symbol/bgg",
"BFAM","Bright Horizons Family Solutions Inc.","110.02","$6.39B","2013","Miscellaneous","Other Consumer Services","https://www.nasdaq.com/symbol/bfam",
"BEDU","Bright Scholar Education Holdings Limited","11.04","$1.37B","2017","Consumer Services","Other Consumer Services","https://www.nasdaq.com/symbol/bedu",
"BCOV","Brightcove Inc.","7.1","$259.03M","2012","Technology","EDP Services","https://www.nasdaq.com/symbol/bcov",
"BHF","Brighthouse Financial, Inc.","32.81","$3.89B","n/a","Finance","Life Insurance","https://www.nasdaq.com/symbol/bhf",
"BHFAL","Brighthouse Financial, Inc.","23.42","n/a","n/a","Finance","Life Insurance","https://www.nasdaq.com/symbol/bhfal",
"BSA","BrightSphere Investment Group plc","21.33","n/a","2016","Finance","Investment Managers","https://www.nasdaq.com/symbol/bsa",
"BSIG","BrightSphere Investment Group plc","11.27","$1.2B","2014","Finance","Investment Managers","https://www.nasdaq.com/symbol/bsig",
"BV","BrightView Holdings, Inc.","11.5","$1.2B","2018","Consumer Non-Durables","Farming/Seeds/Milling","https://www.nasdaq.com/symbol/bv",
"EAT","Brinker International, Inc.","45.45","$1.75B","n/a","Consumer Services","Restaurants","https://www.nasdaq.com/symbol/eat",
"BCO","Brink&#39;s Company (The)","66.99","$3.39B","n/a","Transportation","Oil Refining/Marketing","https://www.nasdaq.com/symbol/bco",
"BMY","Bristol-Myers Squibb Company","46.89","$76.53B","n/a","Health Care","Major Pharmaceuticals","https://www.nasdaq.com/symbol/bmy",
"BRS","Bristow Group Inc","2.85","$102.02M","n/a","Transportation","Transportation Services","https://www.nasdaq.com/symbol/brs",
"BTI","British American Tobacco p.l.c.","32.99","$75.67B","n/a","Consumer Non-Durables","Farming/Seeds/Milling","https://www.nasdaq.com/symbol/bti",
"BRX","Brixmor Property Group Inc.","14.47","$4.34B","2013","Consumer Services","Real Estate Investment Trusts","https://www.nasdaq.com/symbol/brx",
"AVGO","Broadcom Inc.","233.23","$94.99B","2009","Technology","Semiconductors","https://www.nasdaq.com/symbol/avgo",
"BR","Broadridge Financial Solutions, Inc.","96.88","$11.31B","n/a","Miscellaneous","Business Services","https://www.nasdaq.com/symbol/br",
"BVSN","BroadVision, Inc.","1.02","$5.1M","1996","Technology","Computer Software: Prepackaged Software","https://www.nasdaq.com/symbol/bvsn",
"BYFC","Broadway Financial Corporation","1.16","$31.81M","n/a","Finance","Savings Institutions","https://www.nasdaq.com/symbol/byfc",
"BWEN","Broadwind Energy, Inc.","1.44","$22.49M","n/a","Capital Goods","Metal Fabrications","https://www.nasdaq.com/symbol/bwen",
"BKD","Brookdale Senior Living Inc.","6.88","$1.29B","2005","Health Care","Hospital/Nursing Management","https://www.nasdaq.com/symbol/bkd",
"BAM","Brookfield Asset Management Inc","39.46","$39.21B","n/a","Consumer Services","Building operators","https://www.nasdaq.com/symbol/bam",
"BBU","Brookfield Business Partners L.P.","31.96","$2.12B","2016","Basic Industries","Engineering & Construction","https://www.nasdaq.com/symbol/bbu",
"DTLA^","Brookfield DTLA Inc.","20.5499","n/a","n/a","n/a","n/a","https://www.nasdaq.com/symbol/dtla^",
"INF","Brookfield Global Listed Infrastructure Income Fund","10.53","$145.31M","n/a","n/a","n/a","https://www.nasdaq.com/symbol/inf",
"BIP","Brookfield Infrastructure Partners LP","36.08","$9.99B","n/a","Consumer Services","Marine Transportation","https://www.nasdaq.com/symbol/bip",
"BPY","Brookfield Property Partners L.P.","16.95","$6.91B","n/a","Finance","Real Estate","https://www.nasdaq.com/symbol/bpy",
"BPR","Brookfield Property REIT Inc.","16.91","$12.98B","n/a","Consumer Services","Real Estate Investment Trusts","https://www.nasdaq.com/symbol/bpr",
"BPRAP","Brookfield Property REIT Inc.","22.868","n/a","n/a","Consumer Services","Real Estate Investment Trusts","https://www.nasdaq.com/symbol/bprap",
"RA","Brookfield Real Assets Income Fund Inc.","19.66","$717.35M","2016","n/a","n/a","https://www.nasdaq.com/symbol/ra",
"BEP","Brookfield Renewable Partners L.P.","27.72","$4.98B","n/a","Public Utilities","Electric Utilities: Central","https://www.nasdaq.com/symbol/bep",
"BRKL","Brookline Bancorp, Inc.","14.39","$1.16B","n/a","Finance","Savings Institutions","https://www.nasdaq.com/symbol/brkl",
"BRKS","Brooks Automation, Inc.","25.76","$1.85B","1995","Technology","Industrial Machinery/Components","https://www.nasdaq.com/symbol/brks",
"BRO","Brown & Brown, Inc.","27.39","$7.74B","n/a","Finance","Specialty Insurers","https://www.nasdaq.com/symbol/bro",
"BF.A","Brown Forman Corporation","n/a","n/a","n/a","n/a","n/a","https://www.nasdaq.com/symbol/bf.a",
"BF.B","Brown Forman Corporation","n/a","n/a","n/a","n/a","n/a","https://www.nasdaq.com/symbol/bf.b",
"DOOO","BRP Inc.","27.67","$1.19B","n/a","Capital Goods","Industrial Specialties","https://www.nasdaq.com/symbol/dooo",
"BRT","BRT Apartments Corp.","11.89","$187.32M","n/a","Consumer Services","Real Estate Investment Trusts","https://www.nasdaq.com/symbol/brt",
"BRKR","Bruker Corporation","29.13","$4.56B","n/a","Capital Goods","Biotechnology: Laboratory Analytical Instruments","https://www.nasdaq.com/symbol/brkr",
"BC","Brunswick Corporation","46.64","$4.05B","n/a","Energy","Industrial Machinery/Components","https://www.nasdaq.com/symbol/bc",
"BC^A","Brunswick Corporation","25.06","n/a","n/a","n/a","n/a","https://www.nasdaq.com/symbol/bc^a",
"BC^B","Brunswick Corporation","24.44","n/a","n/a","n/a","n/a","https://www.nasdaq.com/symbol/bc^b",
"BMTC","Bryn Mawr Bank Corporation","35.69","$722.73M","n/a","Finance","Major Banks","https://www.nasdaq.com/symbol/bmtc",
"BLMT","BSB Bancorp, Inc.","29.51","$287.87M","2011","Finance","Major Banks","https://www.nasdaq.com/symbol/blmt",
"BSQR","BSQUARE Corporation","1.95","$24.86M","1999","Miscellaneous","Business Services","https://www.nasdaq.com/symbol/bsqr",
"BT","BT Group plc","15.22","$30.2B","n/a","Public Utilities","Telecommunications Equipment","https://www.nasdaq.com/symbol/bt",
"BPL","Buckeye Partners L.P.","30.71","$4.72B","1986","Energy","Natural Gas Distribution","https://www.nasdaq.com/symbol/bpl",
"BKE","Buckle, Inc. (The)","19.59","$960.26M","n/a","Consumer Services","Clothing/Shoe/Accessory Stores","https://www.nasdaq.com/symbol/bke",
"BVN","Buenaventura Mining Company Inc.","16.63","$4.22B","1996","Basic Industries","Precious Metals","https://www.nasdaq.com/symbol/bvn",
"BBW","Build-A-Bear Workshop, Inc.","4.22","$63.12M","2004","Consumer Services","Recreational Products/Toys","https://www.nasdaq.com/symbol/bbw",
"BLDR","Builders FirstSource, Inc.","12.1","$1.39B","2005","Consumer Services","RETAIL: Building Materials","https://www.nasdaq.com/symbol/bldr",
"BG","Bunge Limited","54.89","$7.74B","2001","Consumer Non-Durables","Packaged Foods","https://www.nasdaq.com/symbol/bg",
"BURL","Burlington Stores, Inc.","163.37","$11.01B","2013","Consumer Services","Department/Specialty Retail Stores","https://www.nasdaq.com/symbol/burl",
"BFST","Business First Bancshares, Inc.","23.91","$315.93M","n/a","Finance","Major Banks","https://www.nasdaq.com/symbol/bfst",
"BWXT","BWX Technologies, Inc.","39.63","$3.91B","n/a","Energy","Industrial Machinery/Components","https://www.nasdaq.com/symbol/bwxt",
"BY","Byline Bancorp, Inc.","17.46","$634M","2017","Finance","Major Banks","https://www.nasdaq.com/symbol/by",
